{
	"ball8": [
		"As I see it, yes.",
		"Ask again later.",
		"Better not tell you now.",
		"Cannot predict now.",
		"Concentrate and ask again.",
		"Don’t count on it.",
		"It is certain.",
		"It is decidedly so.",
		"Most likely.",
		"My reply is no.",
		"My sources say no.",
		"Outlook not so good.",
		"Outlook good.",
		"Reply hazy, try again.",
		"Signs point to yes.",
		"Very doubtful.",
		"Without a doubt.",
		"Yes.",
		"Yes – definitely.",
		"You may rely on it."
	],
	"cat": [
		"https://images.pexels.com/photos/1170986/pexels-photo-1170986.jpeg",
		"https://images.pexels.com/photos/1741205/pexels-photo-1741205.jpeg",
		"https://images.pexels.com/photos/1314550/pexels-photo-1314550.jpeg",
		"https://images.pexels.com/photos/774731/pexels-photo-774731.jpeg",
		"https://images.pexels.com/photos/1543793/pexels-photo-1543793.jpeg",
		"https://images.pexels.com/photos/1056251/pexels-photo-1056251.jpeg",
		"https://images.pexels.com/photos/982865/pexels-photo-982865.jpeg",
		"https://images.pexels.com/photos/2558605/pexels-photo-2558605.jpeg",
		"https://images.pexels.com/photos/1521306/pexels-photo-1521306.jpeg",
		"https://images.pexels.com/photos/236606/pexels-photo-236606.jpeg",
		"https://images.pexels.com/photos/821736/pexels-photo-821736.jpeg",
		"https://images.pexels.com/photos/156321/pexels-photo-156321.jpeg",
		"https://images.pexels.com/photos/156934/pexels-photo-156934.jpeg",
		"https://images.pexels.com/photos/1560424/pexels-photo-1560424.jpeg",
		"https://images.pexels.com/photos/1770918/pexels-photo-1770918.jpeg",
		"https://images.pexels.com/photos/3777622/pexels-photo-3777622.jpeg",
		"https://images.pexels.com/photos/3687957/pexels-photo-3687957.jpeg",
		"https://images.pexels.com/photos/755834/pexels-photo-755834.jpeg",
		"https://images.pexels.com/photos/479009/pexels-photo-479009.jpeg",
		"https://images.pexels.com/photos/3616232/pexels-photo-3616232.jpeg",
		"https://images.pexels.com/photos/4587959/pexels-photo-4587959.jpeg",
		"https://images.pexels.com/photos/3885948/pexels-photo-3885948.jpeg",
		"https://images.pexels.com/photos/1120049/pexels-photo-1120049.jpeg",
		"https://images.pexels.com/photos/3069334/pexels-photo-3069334.jpeg"
	],
	"dog": [
		"https://images.pexels.com/photos/1108099/pexels-photo-1108099.jpeg",
		"https://images.pexels.com/photos/1805164/pexels-photo-1805164.jpeg",
		"https://images.pexels.com/photos/2253275/pexels-photo-2253275.jpeg",
		"https://images.pexels.com/photos/97082/weimaraner-puppy-dog-snout-97082.jpeg",
		"https://images.pexels.com/photos/57627/pexels-photo-57627.jpeg",
		"https://images.pexels.com/photos/1562983/pexels-photo-1562983.jpeg",
		"https://images.pexels.com/photos/731022/pexels-photo-731022.jpeg",
		"https://images.pexels.com/photos/2623968/pexels-photo-2623968.jpeg",
		"https://images.pexels.com/photos/2820134/pexels-photo-2820134.jpeg",
		"https://images.pexels.com/photos/2007/animal-dog-pet-cute.jpg",
		"https://images.pexels.com/photos/3658120/pexels-photo-3658120.jpeg",
		"https://images.pexels.com/photos/2252311/pexels-photo-2252311.jpeg",
		"https://images.pexels.com/photos/3687770/pexels-photo-3687770.jpeg",
		"https://images.pexels.com/photos/3726314/pexels-photo-3726314.jpeg",
		"https://images.pexels.com/photos/3299903/pexels-photo-3299903.jpeg",
		"https://images.pexels.com/photos/4668425/pexels-photo-4668425.jpeg",
		"https://images.pexels.com/photos/3631659/pexels-photo-3631659.jpeg",
		"https://images.pexels.com/photos/2797318/pexels-photo-2797318.jpeg",
		"https://images.pexels.com/photos/4000092/pexels-photo-4000092.jpeg"
	],
	"bite": [
		"https://cdn.weeb.sh/images/HkutgeXob.gif",
		"https://cdn.weeb.sh/images/S1FOllQj-.gif",
		"https://cdn.weeb.sh/images/H1gYelQjZ.gif",
		"https://cdn.weeb.sh/images/ry00lxmob.gif"
	],
	"blush": [
		"https://cdn.discordapp.com/attachments/719175079400964137/820013429099855872/16155768317261871396259.gif",
		"https://cdn.weeb.sh/images/HytZMLQDZ.gif",
		"https://cdn.weeb.sh/images/r1U7G87vZ.gif"
	],
	"hug": [
		"https://cdn.weeb.sh/images/ryCG-OatM.gif",
		"https://cdn.weeb.sh/images/Bkta0ExOf.gif",
		"https://cdn.weeb.sh/images/Sy65_OQvZ.gif",
		"https://cdn.weeb.sh/images/Hy4hxRKtW.gif"
	],
	"kiss": [
		"https://cdn.weeb.sh/images/rkFSiEedf.gif",
		"https://cdn.weeb.sh/images/ByiMna_vb.gif",
		"https://cdn.weeb.sh/images/H1Gx2aOvb.gif",
		"https://cdn.weeb.sh/images/B12LhT_Pb.gif"
	],
	"nuzzle": [
		"https://i.imgur.com/KrYnQzR.gif",
		"https://i.imgur.com/EVBa1rR.gif",
		"https://i.imgur.com/ngGm9v9.gif",
		"https://i.imgur.com/G2DLX6i.gif"
	],
	"poke": [
		"https://cdn.weeb.sh/images/HkxwlkKPb.gif",
		"https://cdn.weeb.sh/images/rJzUe1FwZ.gif",
		"https://cdn.weeb.sh/images/rJ0hlsnR-.gif",
		"https://cdn.weeb.sh/images/BJhIekKwb.gif"
	],
	"pout": [
		"https://cdn.weeb.sh/images/Sk7CeJtwZ.gif",
		"https://cdn.weeb.sh/images/Hkg7slyFDW.gif",
		"https://cdn.weeb.sh/images/B1kzWjnAZ.gif, https://cdn.weeb.sh/images/Bkl3xJFP-.gif"
	],
	"slap": [
		"https://cdn.weeb.sh/images/HkA6mJFP-.gif",
		"https://cdn.weeb.sh/images/rJ52XyYD-.gif",
		"https://cdn.weeb.sh/images/r1PXzRYtZ.gif",
		"https://cdn.weeb.sh/images/r1VF-lcyz.gif"
	],
	"stare": [
		"https://cdn.weeb.sh/images/HyC2I1Kvb.gif",
		"https://cdn.weeb.sh/images/HJ6qUytDb.gif",
		"https://cdn.weeb.sh/images/HkvY8JKPW.gif",
		"https://cdn.weeb.sh/images/SkPoLJKwZ.gif"
	]
}